"CubeId";"auvekomq"
"PublishingDate";"2025-03-24 09:00"

"Date";"D0";"D1";"Value"
"2000-Q4";"A";"T0";"2220990.68971786"
"2000-Q4";"A";"T1";"415767.898"
"2000-Q4";"A";"T2";"822028.13455637"
"2000-Q4";"A";"D";
"2000-Q4";"A";"T4";"895339.06344323"
"2000-Q4";"A";"T7";"87855.59371826"
"2000-Q4";"P";"T0";"1716248.19647171"
"2000-Q4";"P";"T1";"202094.71657171"
"2000-Q4";"P";"T2";"671354.961"
"2000-Q4";"P";"D";
"2000-Q4";"P";"T4";"842798.5189"
"2000-Q4";"N";"T0";"504742.49324615"
"2000-Q4";"N";"T1";"213673.18142829"
"2000-Q4";"N";"T2";"150673.17355637"
"2000-Q4";"N";"D";
"2000-Q4";"N";"T4";"52540.54454323"
"2000-Q4";"N";"T7";"87855.59371826"
"2001-Q1";"A";"T0";"2291503.89481805"
"2001-Q1";"A";"T1";"425765.02701572"
"2001-Q1";"A";"T2";"844357.61576467"
"2001-Q1";"A";"D";
"2001-Q1";"A";"T4";"935104.57568528"
"2001-Q1";"A";"T7";"86276.67635238"
"2001-Q1";"P";"T0";"1740433.41923611"
"2001-Q1";"P";"T1";"201284.42121511"
"2001-Q1";"P";"T2";"613131.296"
"2001-Q1";"P";"D";
"2001-Q1";"P";"T4";"926017.702021"
"2001-Q1";"N";"T0";"551070.47558195"
"2001-Q1";"N";"T1";"224480.60580061"
"2001-Q1";"N";"T2";"231226.31976467"
"2001-Q1";"N";"D";
"2001-Q1";"N";"T4";"9086.87366428"
"2001-Q1";"N";"T7";"86276.67635238"
"2001-Q2";"A";"T0";"2341252.53712308"
"2001-Q2";"A";"T1";"439117.74204129"
"2001-Q2";"A";"T2";"881459.1239198"
"2001-Q2";"A";"D";
"2001-Q2";"A";"T4";"930304.12883169"
"2001-Q2";"A";"T7";"90371.5423303"
"2001-Q2";"P";"T0";"1744038.2499085"
"2001-Q2";"P";"T1";"207296.3258585"
"2001-Q2";"P";"T2";"622921.076"
"2001-Q2";"P";"D";
"2001-Q2";"P";"T4";"913820.84805"
"2001-Q2";"N";"T0";"597214.28721458"
"2001-Q2";"N";"T1";"231821.41618279"
"2001-Q2";"N";"T2";"258538.0479198"
"2001-Q2";"N";"D";
"2001-Q2";"N";"T4";"16483.28078169"
"2001-Q2";"N";"T7";"90371.5423303"
"2001-Q3";"A";"T0";"2102285.93233729"
"2001-Q3";"A";"T1";"434545.592731"
"2001-Q3";"A";"T2";"778387.79968232"
"2001-Q3";"A";"D";
"2001-Q3";"A";"T4";"802428.63930181"
"2001-Q3";"A";"T7";"86923.90062217"
"2001-Q3";"P";"T0";"1532650.3390449"
"2001-Q3";"P";"T1";"210422.1305019"
"2001-Q3";"P";"T2";"526135.088"
"2001-Q3";"P";"D";
"2001-Q3";"P";"T4";"796093.120543"
"2001-Q3";"N";"T0";"569635.5932924"
"2001-Q3";"N";"T1";"224123.4622291"
"2001-Q3";"N";"T2";"252252.71168232"
"2001-Q3";"N";"D";
"2001-Q3";"N";"T4";"6335.51875881"
"2001-Q3";"N";"T7";"86923.90062217"
"2001-Q4";"A";"T0";"2219367.14381925"
"2001-Q4";"A";"T1";"459938.46759227"
"2001-Q4";"A";"T2";"815964.05701413"
"2001-Q4";"A";"D";
"2001-Q4";"A";"T4";"856433.58644198"
"2001-Q4";"A";"T7";"87031.03277087"
"2001-Q4";"P";"T0";"1632551.22422929"
"2001-Q4";"P";"T1";"210854.53514529"
"2001-Q4";"P";"T2";"586561.873"
"2001-Q4";"P";"D";
"2001-Q4";"P";"T4";"835134.816084"
"2001-Q4";"N";"T0";"586815.91958996"
"2001-Q4";"N";"T1";"249083.93244698"
"2001-Q4";"N";"T2";"229402.18401413"
"2001-Q4";"N";"D";
"2001-Q4";"N";"T4";"21298.77035798"
"2001-Q4";"N";"T7";"87031.03277087"
"2002-Q1";"A";"T0";"2280076.90861968"
"2002-Q1";"A";"T1";"458485.84053588"
"2002-Q1";"A";"T2";"833494.41077475"
"2002-Q1";"A";"D";
"2002-Q1";"A";"T4";"898904.53282163"
"2002-Q1";"A";"T7";"89192.12448742"
"2002-Q1";"P";"T0";"1700352.10610217"
"2002-Q1";"P";"T1";"217855.66460217"
"2002-Q1";"P";"T2";"602486.514"
"2002-Q1";"P";"D";
"2002-Q1";"P";"T4";"880009.9275"
"2002-Q1";"N";"T0";"579724.80251752"
"2002-Q1";"N";"T1";"240630.17593372"
"2002-Q1";"N";"T2";"231007.89677475"
"2002-Q1";"N";"D";
"2002-Q1";"N";"T4";"18894.60532163"
"2002-Q1";"N";"T7";"89192.12448742"
"2002-Q2";"A";"T0";"2155451.22167626"
"2002-Q2";"A";"T1";"440950.34275632"
"2002-Q2";"A";"T2";"764487.58912419"
"2002-Q2";"A";"D";
"2002-Q2";"A";"T4";"865984.67416164"
"2002-Q2";"A";"T7";"84028.61563411"
"2002-Q2";"P";"T0";"1619365.42835904"
"2002-Q2";"P";"T1";"220357.49405904"
"2002-Q2";"P";"T2";"574925.326"
"2002-Q2";"P";"D";
"2002-Q2";"P";"T4";"824082.6083"
"2002-Q2";"N";"T0";"536085.79331722"
"2002-Q2";"N";"T1";"220592.84869728"
"2002-Q2";"N";"T2";"189562.26312419"
"2002-Q2";"N";"D";
"2002-Q2";"N";"T4";"41902.06586164"
"2002-Q2";"N";"T7";"84028.61563411"
"2002-Q3";"A";"T0";"2084873.95991121"
"2002-Q3";"A";"T1";"443365.3109374"
"2002-Q3";"A";"T2";"717391.13471401"
"2002-Q3";"A";"D";
"2002-Q3";"A";"T4";"837115.64896193"
"2002-Q3";"A";"T7";"87001.86529787"
"2002-Q3";"P";"T0";"1512759.31441591"
"2002-Q3";"P";"T1";"230157.22351591"
"2002-Q3";"P";"T2";"489301.979"
"2002-Q3";"P";"D";
"2002-Q3";"P";"T4";"793300.1119"
"2002-Q3";"N";"T0";"572114.6454953"
"2002-Q3";"N";"T1";"213208.08742149"
"2002-Q3";"N";"T2";"228089.15571401"
"2002-Q3";"N";"D";
"2002-Q3";"N";"T4";"43815.53706193"
"2002-Q3";"N";"T7";"87001.86529787"
"2002-Q4";"A";"T0";"2115429.03642835"
"2002-Q4";"A";"T1";"446427.924"
"2002-Q4";"A";"T2";"724385.48524456"
"2002-Q4";"A";"D";
"2002-Q4";"A";"T4";"859266.47001353"
"2002-Q4";"A";"T7";"85349.15717026"
"2002-Q4";"P";"T0";"1542904.27267278"
"2002-Q4";"P";"T1";"240280.65297278"
"2002-Q4";"P";"T2";"485659.72"
"2002-Q4";"P";"D";
"2002-Q4";"P";"T4";"816963.8997"
"2002-Q4";"N";"T0";"572524.76375557"
"2002-Q4";"N";"T1";"206147.27102722"
"2002-Q4";"N";"T2";"238725.76524456"
"2002-Q4";"N";"D";
"2002-Q4";"N";"T4";"42302.57031353"
"2002-Q4";"N";"T7";"85349.15717026"
"2003-Q1";"A";"T0";"2115903.36748848"
"2003-Q1";"A";"T1";"455067.15801562"
"2003-Q1";"A";"T2";"722258.88356699"
"2003-Q1";"A";"D";
"2003-Q1";"A";"T4";"854976.19104922"
"2003-Q1";"A";"T7";"83601.13485665"
"2003-Q1";"P";"T0";"1483303.32680451"
"2003-Q1";"P";"T1";"242709.74690201"
"2003-Q1";"P";"T2";"426690.212"
"2003-Q1";"P";"D";
"2003-Q1";"P";"T4";"813903.3679025"
"2003-Q1";"N";"T0";"632600.04068397"
"2003-Q1";"N";"T1";"212357.41111361"
"2003-Q1";"N";"T2";"295568.67156699"
"2003-Q1";"N";"D";
"2003-Q1";"N";"T4";"41072.82314672"
"2003-Q1";"N";"T7";"83601.13485665"
"2003-Q2";"A";"T0";"2219836.22897081"
"2003-Q2";"A";"T1";"466042.25416705"
"2003-Q2";"A";"T2";"782142.87643004"
"2003-Q2";"A";"D";
"2003-Q2";"A";"T4";"885512.67960838"
"2003-Q2";"A";"T7";"86138.41876533"
"2003-Q2";"P";"T0";"1578961.40383624"
"2003-Q2";"P";"T1";"250819.44083124"
"2003-Q2";"P";"T2";"486498.091"
"2003-Q2";"P";"D";
"2003-Q2";"P";"T4";"841643.872005"
"2003-Q2";"N";"T0";"640874.82513456"
"2003-Q2";"N";"T1";"215222.81333581"
"2003-Q2";"N";"T2";"295644.78543004"
"2003-Q2";"N";"D";
"2003-Q2";"N";"T4";"43868.80760338"
"2003-Q2";"N";"T7";"86138.41876533"
"2003-Q3";"A";"T0";"2197647.45786824"
"2003-Q3";"A";"T1";"468775.41812282"
"2003-Q3";"A";"T2";"785620.99400834"
"2003-Q3";"A";"D";
"2003-Q3";"A";"T4";"856344.07931865"
"2003-Q3";"A";"T7";"86906.96641844"
"2003-Q3";"P";"T0";"1595932.13914632"
"2003-Q3";"P";"T1";"261667.63476048"
"2003-Q3";"P";"T2";"518518.282"
"2003-Q3";"P";"D";
"2003-Q3";"P";"T4";"815746.22238584"
"2003-Q3";"N";"T0";"601715.31872193"
"2003-Q3";"N";"T1";"207107.78336234"
"2003-Q3";"N";"T2";"267102.71200834"
"2003-Q3";"N";"D";
"2003-Q3";"N";"T4";"40597.85693281"
"2003-Q3";"N";"T7";"86906.96641844"
"2003-Q4";"A";"T0";"2204493.17848557"
"2003-Q4";"A";"T1";"477495.5664289"
"2003-Q4";"A";"T2";"816256.60272163"
"2003-Q4";"A";"D";
"2003-Q4";"A";"T4";"824693.53120606"
"2003-Q4";"A";"T7";"86047.47812898"
"2003-Q4";"P";"T0";"1649979.99479971"
"2003-Q4";"P";"T1";"282980.82868971"
"2003-Q4";"P";"T2";"556790.401"
"2003-Q4";"P";"D";
"2003-Q4";"P";"T4";"810208.76511"
"2003-Q4";"N";"T0";"554513.18368587"
"2003-Q4";"N";"T1";"194514.73773919"
"2003-Q4";"N";"T2";"259466.20172163"
"2003-Q4";"N";"D";
"2003-Q4";"N";"T4";"14484.76609606"
"2003-Q4";"N";"T7";"86047.47812898"
"2004-Q1";"A";"T0";"2332306.67895542"
"2004-Q1";"A";"T1";"488842.23679702"
"2004-Q1";"A";"T2";"850419.21113425"
"2004-Q1";"A";"D";
"2004-Q1";"A";"T4";"903001.30915289"
"2004-Q1";"A";"T7";"90043.92187126"
"2004-Q1";"P";"T0";"1771846.43588913"
"2004-Q1";"P";"T1";"292490.20605788"
"2004-Q1";"P";"T2";"573088.857"
"2004-Q1";"P";"D";
"2004-Q1";"P";"T4";"906267.37283125"
"2004-Q1";"N";"T0";"560460.24306629"
"2004-Q1";"N";"T1";"196352.03073914"
"2004-Q1";"N";"T2";"277330.35413425"
"2004-Q1";"N";"D";
"2004-Q1";"N";"T4";"-3266.06367836"
"2004-Q1";"N";"T7";"90043.92187126"
"2004-Q2";"A";"T0";"2332269.41323927"
"2004-Q2";"A";"T1";"496020.45920728"
"2004-Q2";"A";"T2";"846155.7191141"
"2004-Q2";"A";"D";"22481"
"2004-Q2";"A";"T4";"884028.77095882"
"2004-Q2";"A";"T7";"83583.46395907"
"2004-Q2";"P";"T0";"1786127.09355134"
"2004-Q2";"P";"T1";"297828.58342605"
"2004-Q2";"P";"T2";"580906.144"
"2004-Q2";"P";"D";"20194"
"2004-Q2";"P";"T4";"887198.36612529"
"2004-Q2";"N";"T0";"546142.31968793"
"2004-Q2";"N";"T1";"198191.87578123"
"2004-Q2";"N";"T2";"265249.5751141"
"2004-Q2";"N";"D";"2287"
"2004-Q2";"N";"T4";"-3169.59516647"
"2004-Q2";"N";"T7";"83583.46395907"
"2004-Q3";"A";"T0";"2319091.38449215"
"2004-Q3";"A";"T1";"507266.81198042"
"2004-Q3";"A";"T2";"864055.75136552"
"2004-Q3";"A";"D";"21708"
"2004-Q3";"A";"T4";"839119.07643936"
"2004-Q3";"A";"T7";"86941.74470685"
"2004-Q3";"P";"T0";"1742411.59116797"
"2004-Q3";"P";"T1";"303323.26079422"
"2004-Q3";"P";"T2";"570241.744"
"2004-Q3";"P";"D";"23239"
"2004-Q3";"P";"T4";"845607.58637375"
"2004-Q3";"N";"T0";"576679.79332418"
"2004-Q3";"N";"T1";"203943.5511862"
"2004-Q3";"N";"T2";"293814.00736552"
"2004-Q3";"N";"D";"-1531"
"2004-Q3";"N";"T4";"-6488.50993439"
"2004-Q3";"N";"T7";"86941.74470685"
"2004-Q4";"A";"T0";"2315958.63132144"
"2004-Q4";"A";"T1";"519370.268"
"2004-Q4";"A";"T2";"860284.08910805"
"2004-Q4";"A";"D";"31498"
"2004-Q4";"A";"T4";"820343.79644545"
"2004-Q4";"A";"T7";"84462.47776794"
"2004-Q4";"P";"T0";"1757195.38535739"
"2004-Q4";"P";"T1";"317920.93816239"
"2004-Q4";"P";"T2";"589478.008"
"2004-Q4";"P";"D";"34141"
"2004-Q4";"P";"T4";"815655.439195"
"2004-Q4";"N";"T0";"558763.24596405"
"2004-Q4";"N";"T1";"201449.32983761"
"2004-Q4";"N";"T2";"270806.08110805"
"2004-Q4";"N";"D";"-2643"
"2004-Q4";"N";"T4";"4688.35725045"
"2004-Q4";"N";"T7";"84462.47776794"
"2005-Q1";"A";"T0";"2426745.88361262"
"2005-Q1";"A";"T1";"552943.16513052"
"2005-Q1";"A";"T2";"889461.2169377"
"2005-Q1";"A";"D";"32161.4"
"2005-Q1";"A";"T4";"865097.12445997"
"2005-Q1";"A";"T7";"87082.97708443"
"2005-Q1";"P";"T0";"1836061.62388105"
"2005-Q1";"P";"T1";"313320.60365355"
"2005-Q1";"P";"T2";"624669.04"
"2005-Q1";"P";"D";"36405.3"
"2005-Q1";"P";"T4";"861666.6802275"
"2005-Q1";"N";"T0";"590684.25973156"
"2005-Q1";"N";"T1";"239622.56147696"
"2005-Q1";"N";"T2";"264792.1769377"
"2005-Q1";"N";"D";"-4243.9"
"2005-Q1";"N";"T4";"3430.44423247"
"2005-Q1";"N";"T7";"87082.97708443"
"2005-Q2";"A";"T0";"2608071.19623177"
"2005-Q2";"A";"T1";"582503.33087091"
"2005-Q2";"A";"T2";"925867.93961395"
"2005-Q2";"A";"D";"36875.4"
"2005-Q2";"A";"T4";"992499.04728181"
"2005-Q2";"A";"T7";"70325.47846509"
"2005-Q2";"P";"T0";"2015225.95540471"
"2005-Q2";"P";"T1";"319915.39414471"
"2005-Q2";"P";"T2";"674751.578"
"2005-Q2";"P";"D";"53253.1"
"2005-Q2";"P";"T4";"967305.88326"
"2005-Q2";"N";"T0";"592845.24082705"
"2005-Q2";"N";"T1";"262587.9367262"
"2005-Q2";"N";"T2";"251116.36161395"
"2005-Q2";"N";"D";"-16377.7"
"2005-Q2";"N";"T4";"25193.16402181"
"2005-Q2";"N";"T7";"70325.47846509"
"2005-Q3";"A";"T0";"2744447.50797351"
"2005-Q3";"A";"T1";"613703.53244202"
"2005-Q3";"A";"T2";"974078.170948"
"2005-Q3";"A";"D";"34374.1"
"2005-Q3";"A";"T4";"1049677.70074188"
"2005-Q3";"A";"T7";"72614.00384161"
"2005-Q3";"P";"T0";"2143818.28992838"
"2005-Q3";"P";"T1";"316792.78463588"
"2005-Q3";"P";"T2";"741060.638"
"2005-Q3";"P";"D";"48124.6"
"2005-Q3";"P";"T4";"1037840.2672925"
"2005-Q3";"N";"T0";"600629.21804513"
"2005-Q3";"N";"T1";"296910.74780614"
"2005-Q3";"N";"T2";"233017.532948"
"2005-Q3";"N";"D";"-13750.5"
"2005-Q3";"N";"T4";"11837.43344938"
"2005-Q3";"N";"T7";"72614.00384161"
"2005-Q4";"A";"T0";"2799700.91772642"
"2005-Q4";"A";"T1";"647804.218"
"2005-Q4";"A";"T2";"1006168.4981754"
"2005-Q4";"A";"D";"32066.3"
"2005-Q4";"A";"T4";"1037833.47063717"
"2005-Q4";"A";"T7";"75828.43091385"
"2005-Q4";"P";"T0";"2197227.94718421"
"2005-Q4";"P";"T1";"332164.47512704"
"2005-Q4";"P";"T2";"805380.562"
"2005-Q4";"P";"D";"43155.9"
"2005-Q4";"P";"T4";"1016527.01005717"
"2005-Q4";"N";"T0";"602472.97054221"
"2005-Q4";"N";"T1";"315639.74287296"
"2005-Q4";"N";"T2";"200787.9361754"
"2005-Q4";"N";"D";"-11089.6"
"2005-Q4";"N";"T4";"21306.46058"
"2005-Q4";"N";"T7";"75828.43091385"
"2006-Q1";"A";"T0";"3024585.60712238"
"2006-Q1";"A";"T1";"720346.15028085"
"2006-Q1";"A";"T2";"1078243.83798515"
"2006-Q1";"A";"D";"37787.7"
"2006-Q1";"A";"T4";"1110380.69679013"
"2006-Q1";"A";"T7";"77827.22206625"
"2006-Q1";"P";"T0";"2361700.62082063"
"2006-Q1";"P";"T1";"340937.72188221"
"2006-Q1";"P";"T2";"842994.541"
"2006-Q1";"P";"D";"39868.9"
"2006-Q1";"P";"T4";"1137899.45793842"
"2006-Q1";"N";"T0";"662884.98630175"
"2006-Q1";"N";"T1";"379408.42839864"
"2006-Q1";"N";"T2";"235249.29698515"
"2006-Q1";"N";"D";"-2081.2"
"2006-Q1";"N";"T4";"-27518.76114829"
"2006-Q1";"N";"T7";"77827.22206625"
"2006-Q2";"A";"T0";"3008355.59581534"
"2006-Q2";"A";"T1";"737620.12741212"
"2006-Q2";"A";"T2";"1059357.4792956"
"2006-Q2";"A";"D";"42597.5"
"2006-Q2";"A";"T4";"1092972.06737189"
"2006-Q2";"A";"T7";"75808.42173573"
"2006-Q2";"P";"T0";"2328020.36145683"
"2006-Q2";"P";"T1";"351996.05681043"
"2006-Q2";"P";"T2";"821731.673"
"2006-Q2";"P";"D";"39830.8"
"2006-Q2";"P";"T4";"1114461.8316464"
"2006-Q2";"N";"T0";"680335.23435851"
"2006-Q2";"N";"T1";"385624.07060169"
"2006-Q2";"N";"T2";"237625.8062956"
"2006-Q2";"N";"D";"2766.7"
"2006-Q2";"N";"T4";"-21489.76427451"
"2006-Q2";"N";"T7";"75808.42173573"
"2006-Q3";"A";"T0";"3141520.54846161"
"2006-Q3";"A";"T1";"804510.45998822"
"2006-Q3";"A";"T2";"1105680.23169495"
"2006-Q3";"A";"D";"39424.7"
"2006-Q3";"A";"T4";"1114417.91439622"
"2006-Q3";"A";"T7";"77487.24238223"
"2006-Q3";"P";"T0";"2446535.77606409"
"2006-Q3";"P";"T1";"366935.28569845"
"2006-Q3";"P";"T2";"898186.694"
"2006-Q3";"P";"D";"38302"
"2006-Q3";"P";"T4";"1143111.79636564"
"2006-Q3";"N";"T0";"694984.77239752"
"2006-Q3";"N";"T1";"437575.17428976"
"2006-Q3";"N";"T2";"207493.53769495"
"2006-Q3";"N";"D";"1122.7"
"2006-Q3";"N";"T4";"-28693.88196942"
"2006-Q3";"N";"T7";"77487.24238223"
"2006-Q4";"A";"T0";"3125465.10043043"
"2006-Q4";"A";"T1";"804647.367"
"2006-Q4";"A";"T2";"1139669.7578495"
"2006-Q4";"A";"D";"46244"
"2006-Q4";"A";"T4";"1056236.02379121"
"2006-Q4";"A";"T7";"78667.95178972"
"2006-Q4";"P";"T0";"2528255.43062528"
"2006-Q4";"P";"T1";"466622.43159087"
"2006-Q4";"P";"T2";"959161.51"
"2006-Q4";"P";"D";"41914.4"
"2006-Q4";"P";"T4";"1060557.08903441"
"2006-Q4";"N";"T0";"597209.66980515"
"2006-Q4";"N";"T1";"338024.93540913"
"2006-Q4";"N";"T2";"180508.2478495"
"2006-Q4";"N";"D";"4329.6"
"2006-Q4";"N";"T4";"-4321.0652432"
"2006-Q4";"N";"T7";"78667.95178972"
"2007-Q1";"A";"T0";"3520408.55875223"
"2007-Q1";"A";"T1";"849310.17792335"
"2007-Q1";"A";"T2";"1207489.70791945"
"2007-Q1";"A";"D";"44776.8"
"2007-Q1";"A";"T4";"1338964.39923168"
"2007-Q1";"A";"T7";"79867.47367775"
"2007-Q1";"P";"T0";"2873724.13677696"
"2007-Q1";"P";"T1";"505286.23202522"
"2007-Q1";"P";"T2";"960802.924"
"2007-Q1";"P";"D";"46657.6"
"2007-Q1";"P";"T4";"1360977.38075174"
"2007-Q1";"N";"T0";"646684.42197528"
"2007-Q1";"N";"T1";"344023.94589813"
"2007-Q1";"N";"T2";"246686.78391945"
"2007-Q1";"N";"D";"-1880.8"
"2007-Q1";"N";"T4";"-22012.98152006"
"2007-Q1";"N";"T7";"79867.47367775"
"2007-Q2";"A";"T0";"3626794.62124651"
"2007-Q2";"A";"T1";"886689.15262455"
"2007-Q2";"A";"T2";"1275131.1237734"
"2007-Q2";"A";"D";"52566.2"
"2007-Q2";"A";"T4";"1332991.07690571"
"2007-Q2";"A";"T7";"79417.06794285"
"2007-Q2";"P";"T0";"2953117.61869718"
"2007-Q2";"P";"T1";"553594.8869676"
"2007-Q2";"P";"T2";"1003800.155"
"2007-Q2";"P";"D";"54012.7"
"2007-Q2";"P";"T4";"1341709.87672958"
"2007-Q2";"N";"T0";"673677.00254932"
"2007-Q2";"N";"T1";"333094.26565695"
"2007-Q2";"N";"T2";"271330.9687734"
"2007-Q2";"N";"D";"-1446.5"
"2007-Q2";"N";"T4";"-8718.79982387"
"2007-Q2";"N";"T7";"79417.06794285"
"2007-Q3";"A";"T0";"3634391.48110969"
"2007-Q3";"A";"T1";"901251.18084019"
"2007-Q3";"A";"T2";"1279647.73736845"
"2007-Q3";"A";"D";"70712.5"
"2007-Q3";"A";"T4";"1300345.21015312"
"2007-Q3";"A";"T7";"82434.85274793"
"2007-Q3";"P";"T0";"2932914.79164148"
"2007-Q3";"P";"T1";"592191.44672126"
"2007-Q3";"P";"T2";"977316.684"
"2007-Q3";"P";"D";"68161.9"
"2007-Q3";"P";"T4";"1295244.76092022"
"2007-Q3";"N";"T0";"701476.68946821"
"2007-Q3";"N";"T1";"309059.73411893"
"2007-Q3";"N";"T2";"302331.05336845"
"2007-Q3";"N";"D";"2550.6"
"2007-Q3";"N";"T4";"5100.44923289"
"2007-Q3";"N";"T7";"82434.85274793"
"2007-Q4";"A";"T0";"3746579.8693815"
"2007-Q4";"A";"T1";"927605.821"
"2007-Q4";"A";"T2";"1271370.17500858"
"2007-Q4";"A";"D";"58312.2"
"2007-Q4";"A";"T4";"1404262.68466045"
"2007-Q4";"A";"T7";"85028.98871247"
"2007-Q4";"P";"T0";"3007096.19314371"
"2007-Q4";"P";"T1";"620423.8196208"
"2007-Q4";"P";"T2";"920815.488"
"2007-Q4";"P";"D";"57198.8"
"2007-Q4";"P";"T4";"1408658.08552292"
"2007-Q4";"N";"T0";"739483.67623779"
"2007-Q4";"N";"T1";"307182.0013792"
"2007-Q4";"N";"T2";"350554.68700858"
"2007-Q4";"N";"D";"1113.4"
"2007-Q4";"N";"T4";"-4395.40086247"
"2007-Q4";"N";"T7";"85028.98871247"
"2008-Q1";"A";"T0";"3544297.12060864"
"2008-Q1";"A";"T1";"898113.07913106"
"2008-Q1";"A";"T2";"1178252.9436431"
"2008-Q1";"A";"D";"123359"
"2008-Q1";"A";"T4";"1264346.44332443"
"2008-Q1";"A";"T7";"80225.65451005"
"2008-Q1";"P";"T0";"2850195.67405327"
"2008-Q1";"P";"T1";"626863.93278881"
"2008-Q1";"P";"T2";"815369.418"
"2008-Q1";"P";"D";"116266.8"
"2008-Q1";"P";"T4";"1291695.52326446"
"2008-Q1";"N";"T0";"694101.44655537"
"2008-Q1";"N";"T1";"271249.14634225"
"2008-Q1";"N";"T2";"362883.5256431"
"2008-Q1";"N";"D";"7092.2"
"2008-Q1";"N";"T4";"-27349.07994003"
"2008-Q1";"N";"T7";"80225.65451005"
"2008-Q2";"A";"T0";"3424988.80212263"
"2008-Q2";"A";"T1";"929942.69141444"
"2008-Q2";"A";"T2";"1177009.77815075"
"2008-Q2";"A";"D";"109902.1"
"2008-Q2";"A";"T4";"1127446.49015557"
"2008-Q2";"A";"T7";"80687.74240186"
"2008-Q2";"P";"T0";"2717673.19334682"
"2008-Q2";"P";"T1";"657359.17972709"
"2008-Q2";"P";"T2";"807211.804"
"2008-Q2";"P";"D";"100850.1"
"2008-Q2";"P";"T4";"1152252.10961974"
"2008-Q2";"N";"T0";"707315.6087758"
"2008-Q2";"N";"T1";"272583.51168736"
"2008-Q2";"N";"T2";"369797.97415075"
"2008-Q2";"N";"D";"9052"
"2008-Q2";"N";"T4";"-24805.61946417"
"2008-Q2";"N";"T7";"80687.74240186"
"2008-Q3";"A";"T0";"3494836.46929945"
"2008-Q3";"A";"T1";"959503.52473699"
"2008-Q3";"A";"T2";"1128324.56848258"
"2008-Q3";"A";"D";"130286.6"
"2008-Q3";"A";"T4";"1194268.36221727"
"2008-Q3";"A";"T7";"82453.41386261"
"2008-Q3";"P";"T0";"2787580.20641586"
"2008-Q3";"P";"T1";"676446.71829118"
"2008-Q3";"P";"T2";"780927.973"
"2008-Q3";"P";"D";"130988.3"
"2008-Q3";"P";"T4";"1199217.21512468"
"2008-Q3";"N";"T0";"707256.26288359"
"2008-Q3";"N";"T1";"283056.80644581"
"2008-Q3";"N";"T2";"347396.59548258"
"2008-Q3";"N";"D";"-701.7"
"2008-Q3";"N";"T4";"-4948.85290741"
"2008-Q3";"N";"T7";"82453.41386261"
"2008-Q4";"A";"T0";"3219024.75990676"
"2008-Q4";"A";"T1";"948851.25"
"2008-Q4";"A";"T2";"1012917.86525899"
"2008-Q4";"A";"D";"160018.57615124"
"2008-Q4";"A";"T4";"1018349.71003667"
"2008-Q4";"A";"T7";"78887.35845986"
"2008-Q4";"P";"T0";"2569296.93840877"
"2008-Q4";"P";"T1";"685988.48492184"
"2008-Q4";"P";"T2";"656369.957"
"2008-Q4";"P";"D";"164495.21918743"
"2008-Q4";"P";"T4";"1062443.27729949"
"2008-Q4";"N";"T0";"649727.82149799"
"2008-Q4";"N";"T1";"262862.76507816"
"2008-Q4";"N";"T2";"356547.90825899"
"2008-Q4";"N";"D";"-4476.64303619"
"2008-Q4";"N";"T4";"-44093.56726282"
"2008-Q4";"N";"T7";"78887.35845986"
"2009-Q1";"A";"T0";"3299827.53904584"
"2009-Q1";"A";"T1";"1008198.45707754"
"2009-Q1";"A";"T2";"1030727.96372614"
"2009-Q1";"A";"D";"140534.38433063"
"2009-Q1";"A";"T4";"1028527.16478555"
"2009-Q1";"A";"T7";"91839.56912598"
"2009-Q1";"P";"T0";"2561738.53379804"
"2009-Q1";"P";"T1";"714079.53234597"
"2009-Q1";"P";"T2";"590318.75"
"2009-Q1";"P";"D";"143910.57525374"
"2009-Q1";"P";"T4";"1113429.67619833"
"2009-Q1";"N";"T0";"738089.0052478"
"2009-Q1";"N";"T1";"294118.92473157"
"2009-Q1";"N";"T2";"440409.21372614"
"2009-Q1";"N";"D";"-3376.19092311"
"2009-Q1";"N";"T4";"-84902.51141278"
"2009-Q1";"N";"T7";"91839.56912598"
"2009-Q2";"A";"T0";"3376808.68684367"
"2009-Q2";"A";"T1";"1054412.12077521"
"2009-Q2";"A";"T2";"1096027.88350657"
"2009-Q2";"A";"D";"99841.72390176"
"2009-Q2";"A";"T4";"1009707.58432064"
"2009-Q2";"A";"T7";"116819.37433949"
"2009-Q2";"P";"T0";"2621346.2297018"
"2009-Q2";"P";"T1";"730074.38127899"
"2009-Q2";"P";"T2";"665223.43034596"
"2009-Q2";"P";"D";"103336.38539135"
"2009-Q2";"P";"T4";"1122712.0326855"
"2009-Q2";"N";"T0";"755462.45714187"
"2009-Q2";"N";"T1";"324337.73949622"
"2009-Q2";"N";"T2";"430804.45316061"
"2009-Q2";"N";"D";"-3494.66148959"
"2009-Q2";"N";"T4";"-113004.44836486"
"2009-Q2";"N";"T7";"116819.37433949"
"2009-Q3";"A";"T0";"3359906.53863803"
"2009-Q3";"A";"T1";"1069427.1989414"
"2009-Q3";"A";"T2";"1115231.52234339"
"2009-Q3";"A";"D";"119192.83910865"
"2009-Q3";"A";"T4";"932418.9002057"
"2009-Q3";"A";"T7";"123636.07803889"
"2009-Q3";"P";"T0";"2651917.78449694"
"2009-Q3";"P";"T1";"743715.20360288"
"2009-Q3";"P";"T2";"751886.57843515"
"2009-Q3";"P";"D";"122328.31467019"
"2009-Q3";"P";"T4";"1033987.68778872"
"2009-Q3";"N";"T0";"707988.75414108"
"2009-Q3";"N";"T1";"325711.99533851"
"2009-Q3";"N";"T2";"363344.94390824"
"2009-Q3";"N";"D";"-3135.47556154"
"2009-Q3";"N";"T4";"-101568.78758302"
"2009-Q3";"N";"T7";"123636.07803889"
"2009-Q4";"A";"T0";"3395361.25001857"
"2009-Q4";"A";"T1";"1100565.341"
"2009-Q4";"A";"T2";"1152868.33918156"
"2009-Q4";"A";"D";"108234.84978511"
"2009-Q4";"A";"T4";"894028.4955644"
"2009-Q4";"A";"T7";"139664.2244875"
"2009-Q4";"P";"T0";"2708968.9742744"
"2009-Q4";"P";"T1";"756296.74368713"
"2009-Q4";"P";"T2";"815175.25107289"
"2009-Q4";"P";"D";"109005.67615927"
"2009-Q4";"P";"T4";"1028491.3033551"
"2009-Q4";"N";"T0";"686392.27574417"
"2009-Q4";"N";"T1";"344268.59731287"
"2009-Q4";"N";"T2";"337693.08810867"
"2009-Q4";"N";"D";"-770.82637416"
"2009-Q4";"N";"T4";"-134462.8077907"
"2009-Q4";"N";"T7";"139664.2244875"
"2010-Q1";"A";"T0";"3460970.73822094"
"2010-Q1";"A";"T1";"1133024.79309848"
"2010-Q1";"A";"T2";"1176263.39934698"
"2010-Q1";"A";"D";"106246.16060498"
"2010-Q1";"A";"T4";"874169.28602656"
"2010-Q1";"A";"T7";"171267.09914394"
"2010-Q1";"P";"T0";"2776087.61259506"
"2010-Q1";"P";"T1";"780554.54192543"
"2010-Q1";"P";"T2";"844308.39055932"
"2010-Q1";"P";"D";"106658.99928225"
"2010-Q1";"P";"T4";"1044565.68082806"
"2010-Q1";"N";"T0";"684883.12562588"
"2010-Q1";"N";"T1";"352470.25117305"
"2010-Q1";"N";"T2";"331955.00878766"
"2010-Q1";"N";"D";"-412.83867727"
"2010-Q1";"N";"T4";"-170396.3948015"
"2010-Q1";"N";"T7";"171267.09914394"
"2010-Q2";"A";"T0";"3508445.20892398"
"2010-Q2";"A";"T1";"1170640.85711761"
"2010-Q2";"A";"T2";"1120761.10911759"
"2010-Q2";"A";"D";"128642.30014181"
"2010-Q2";"A";"T4";"812067.31842281"
"2010-Q2";"A";"T7";"276333.62412417"
"2010-Q2";"P";"T0";"2768354.2352952"
"2010-Q2";"P";"T1";"802577.62206935"
"2010-Q2";"P";"T2";"788638.67883134"
"2010-Q2";"P";"D";"128452.29819137"
"2010-Q2";"P";"T4";"1048685.63620314"
"2010-Q2";"N";"T0";"740090.97362878"
"2010-Q2";"N";"T1";"368063.23504826"
"2010-Q2";"N";"T2";"332122.43028625"
"2010-Q2";"N";"D";"190.00195044"
"2010-Q2";"N";"T4";"-236618.31778034"
"2010-Q2";"N";"T7";"276333.62412417"
"2010-Q3";"A";"T0";"3492621.91839693"
"2010-Q3";"A";"T1";"1192158.61587759"
"2010-Q3";"A";"T2";"1134007.86196363"
"2010-Q3";"A";"D";"125116.83468681"
"2010-Q3";"A";"T4";"776990.91594532"
"2010-Q3";"A";"T7";"264347.68992358"
"2010-Q3";"P";"T0";"2729931.42450977"
"2010-Q3";"P";"T1";"817321.82523943"
"2010-Q3";"P";"T2";"809180.39815611"
"2010-Q3";"P";"D";"121773.70190502"
"2010-Q3";"P";"T4";"981655.4992092"
"2010-Q3";"N";"T0";"762690.49388716"
"2010-Q3";"N";"T1";"374836.79063815"
"2010-Q3";"N";"T2";"324827.46380752"
"2010-Q3";"N";"D";"3343.13278179"
"2010-Q3";"N";"T4";"-204664.58326388"
"2010-Q3";"N";"T7";"264347.68992358"
"2010-Q4";"A";"T0";"3452524.65505803"
"2010-Q4";"A";"T1";"1206170.621"
"2010-Q4";"A";"T2";"1090109.20559225"
"2010-Q4";"A";"D";"115732.68030134"
"2010-Q4";"A";"T4";"788066.60827133"
"2010-Q4";"A";"T7";"252445.53989311"
"2010-Q4";"P";"T0";"2753463.96986607"
"2010-Q4";"P";"T1";"834927.76117516"
"2010-Q4";"P";"T2";"830579.59643228"
"2010-Q4";"P";"D";"114844.3000136"
"2010-Q4";"P";"T4";"973112.31224503"
"2010-Q4";"N";"T0";"699060.68519196"
"2010-Q4";"N";"T1";"371242.85982484"
"2010-Q4";"N";"T2";"259529.60915997"
"2010-Q4";"N";"D";"888.38028774"
"2010-Q4";"N";"T4";"-185045.7039737"
"2010-Q4";"N";"T7";"252445.53989311"
"2011-Q1";"A";"T0";"3476178.67561382"
"2011-Q1";"A";"T1";"1232862.89545954"
"2011-Q1";"A";"T2";"1110290.77651231"
"2011-Q1";"A";"D";"111726.38538523"
"2011-Q1";"A";"T4";"765198.87850473"
"2011-Q1";"A";"T7";"256099.73975202"
"2011-Q1";"P";"T0";"2773410.89665204"
"2011-Q1";"P";"T1";"859501.37472332"
"2011-Q1";"P";"T2";"845566.54876305"
"2011-Q1";"P";"D";"110435.83895078"
"2011-Q1";"P";"T4";"957907.13421489"
"2011-Q1";"N";"T0";"702767.77896179"
"2011-Q1";"N";"T1";"373361.52073622"
"2011-Q1";"N";"T2";"264724.22774926"
"2011-Q1";"N";"D";"1290.54643445"
"2011-Q1";"N";"T4";"-192708.25571016"
"2011-Q1";"N";"T7";"256099.73975202"
"2011-Q2";"A";"T0";"3372117.65700433"
"2011-Q2";"A";"T1";"1185903.25275984"
"2011-Q2";"A";"T2";"1084396.1526552"
"2011-Q2";"A";"D";"109363.76276858"
"2011-Q2";"A";"T4";"747748.52109944"
"2011-Q2";"A";"T7";"244705.96772127"
"2011-Q2";"P";"T0";"2707515.80521886"
"2011-Q2";"P";"T1";"877234.75075735"
"2011-Q2";"P";"T2";"816052.29354525"
"2011-Q2";"P";"D";"107088.9697394"
"2011-Q2";"P";"T4";"907139.79117686"
"2011-Q2";"N";"T0";"664601.85178547"
"2011-Q2";"N";"T1";"308668.50200249"
"2011-Q2";"N";"T2";"268343.85910995"
"2011-Q2";"N";"D";"2274.79302918"
"2011-Q2";"N";"T4";"-159391.27007742"
"2011-Q2";"N";"T7";"244705.96772127"
"2011-Q3";"A";"T0";"3551171.81805904"
"2011-Q3";"A";"T1";"1231604.6654164"
"2011-Q3";"A";"T2";"1045090.84240266"
"2011-Q3";"A";"D";"143950.83259757"
"2011-Q3";"A";"T4";"793944.47379785"
"2011-Q3";"A";"T7";"336581.00384457"
"2011-Q3";"P";"T0";"2794531.31621102"
"2011-Q3";"P";"T1";"896810.79165009"
"2011-Q3";"P";"T2";"720367.73413996"
"2011-Q3";"P";"D";"150720.8072518"
"2011-Q3";"P";"T4";"1026631.98316916"
"2011-Q3";"N";"T0";"756640.50184802"
"2011-Q3";"N";"T1";"334793.87376631"
"2011-Q3";"N";"T2";"324723.1082627"
"2011-Q3";"N";"D";"-6769.97465423"
"2011-Q3";"N";"T4";"-232687.50937132"
"2011-Q3";"N";"T7";"336581.00384457"
"2011-Q4";"A";"T0";"3576136.105495"
"2011-Q4";"A";"T1";"1278790.75993142"
"2011-Q4";"A";"T2";"1054713.93646978"
"2011-Q4";"A";"D";"125899.73340356"
"2011-Q4";"A";"T4";"805337.88406034"
"2011-Q4";"A";"T7";"311393.7916299"
"2011-Q4";"P";"T0";"2829954.5344466"
"2011-Q4";"P";"T1";"915933.60920167"
"2011-Q4";"P";"T2";"744673.19938584"
"2011-Q4";"P";"D";"128989.7715"
"2011-Q4";"P";"T4";"1040357.95435908"
"2011-Q4";"N";"T0";"746181.57104841"
"2011-Q4";"N";"T1";"362857.15072975"
"2011-Q4";"N";"T2";"310040.73708394"
"2011-Q4";"N";"D";"-3090.03809644"
"2011-Q4";"N";"T4";"-235020.07029874"
"2011-Q4";"N";"T7";"311393.7916299"
"2012-Q1";"A";"T0";"3573473.18119804"
"2012-Q1";"A";"T1";"1287466.40997123"
"2012-Q1";"A";"T2";"1074259.92772036"
"2012-Q1";"A";"D";"108630.966459"
"2012-Q1";"A";"T4";"807919.79390162"
"2012-Q1";"A";"T7";"295196.08314583"
"2012-Q1";"P";"T0";"2872424.77303664"
"2012-Q1";"P";"T1";"936509.88396292"
"2012-Q1";"P";"T2";"795604.37914496"
"2012-Q1";"P";"D";"109361.479716"
"2012-Q1";"P";"T4";"1030949.03021277"
"2012-Q1";"N";"T0";"701048.4081614"
"2012-Q1";"N";"T1";"350956.52600831"
"2012-Q1";"N";"T2";"278655.5485754"
"2012-Q1";"N";"D";"-730.513257"
"2012-Q1";"N";"T4";"-223029.23631115"
"2012-Q1";"N";"T7";"295196.08314583"
"2012-Q2";"A";"T0";"3721511.03289519"
"2012-Q2";"A";"T1";"1324937.94074754"
"2012-Q2";"A";"T2";"1063363.67368665"
"2012-Q2";"A";"D";"113094.56792249"
"2012-Q2";"A";"T4";"796677.80596821"
"2012-Q2";"A";"T7";"423437.04457031"
"2012-Q2";"P";"T0";"2967677.18973053"
"2012-Q2";"P";"T1";"961767.30419134"
"2012-Q2";"P";"T2";"789898.74428996"
"2012-Q2";"P";"D";"115889.43569807"
"2012-Q2";"P";"T4";"1100121.70555116"
"2012-Q2";"N";"T0";"753833.84316466"
"2012-Q2";"N";"T1";"363170.6365562"
"2012-Q2";"N";"T2";"273464.92939669"
"2012-Q2";"N";"D";"-2794.86777558"
"2012-Q2";"N";"T4";"-303443.89958295"
"2012-Q2";"N";"T7";"423437.04457031"
"2012-Q3";"A";"T0";"3847499.18047625"
"2012-Q3";"A";"T1";"1339576.3532971"
"2012-Q3";"A";"T2";"1106120.02436866"
"2012-Q3";"A";"D";"109769.0390635"
"2012-Q3";"A";"T4";"799398.28465321"
"2012-Q3";"A";"T7";"492635.47909378"
"2012-Q3";"P";"T0";"3075355.92682563"
"2012-Q3";"P";"T1";"964626.95946929"
"2012-Q3";"P";"T2";"841529.33428314"
"2012-Q3";"P";"D";"110196.93374755"
"2012-Q3";"P";"T4";"1159002.69932565"
"2012-Q3";"N";"T0";"772143.25365062"
"2012-Q3";"N";"T1";"374949.3938278"
"2012-Q3";"N";"T2";"264590.69008552"
"2012-Q3";"N";"D";"-427.89468405"
"2012-Q3";"N";"T4";"-359604.41467244"
"2012-Q3";"N";"T7";"492635.47909378"
"2012-Q4";"A";"T0";"3840166.97781388"
"2012-Q4";"A";"T1";"1345455.83893142"
"2012-Q4";"A";"T2";"1123427.23521916"
"2012-Q4";"A";"D";"112777.5007485"
"2012-Q4";"A";"T4";"773505.0813824"
"2012-Q4";"A";"T7";"485001.3215324"
"2012-Q4";"P";"T0";"3159603.07662179"
"2012-Q4";"P";"T1";"970296.76694393"
"2012-Q4";"P";"T2";"963137.79279924"
"2012-Q4";"P";"D";"112518.61904232"
"2012-Q4";"P";"T4";"1113649.8978363"
"2012-Q4";"N";"T0";"680563.9011921"
"2012-Q4";"N";"T1";"375159.07198749"
"2012-Q4";"N";"T2";"160289.44241992"
"2012-Q4";"N";"D";"258.88170618"
"2012-Q4";"N";"T4";"-340144.8164539"
"2012-Q4";"N";"T7";"485001.3215324"
"2013-Q1";"A";"T0";"3929027.53150753"
"2013-Q1";"A";"T1";"1342458.35129076"
"2013-Q1";"A";"T2";"1165939.8469853"
"2013-Q1";"A";"D";"106904.0377718"
"2013-Q1";"A";"T4";"817583.12110632"
"2013-Q1";"A";"T7";"496142.17435335"
"2013-Q1";"P";"T0";"3307772.86479381"
"2013-Q1";"P";"T1";"975939.39775095"
"2013-Q1";"P";"T2";"1065854.29812553"
"2013-Q1";"P";"D";"106174.85593697"
"2013-Q1";"P";"T4";"1159804.31298037"
"2013-Q1";"N";"T0";"621254.66671372"
"2013-Q1";"N";"T1";"366518.95353981"
"2013-Q1";"N";"T2";"100085.54885977"
"2013-Q1";"N";"D";"729.18183483"
"2013-Q1";"N";"T4";"-342221.19187404"
"2013-Q1";"N";"T7";"496142.17435335"
"2013-Q2";"A";"T0";"3877191.95587302"
"2013-Q2";"A";"T1";"1339526.04196442"
"2013-Q2";"A";"T2";"1132158.29996511"
"2013-Q2";"A";"D";"104270.36472636"
"2013-Q2";"A";"T4";"821890.644449"
"2013-Q2";"A";"T7";"479346.60476813"
"2013-Q2";"P";"T0";"3280158.18865267"
"2013-Q2";"P";"T1";"982352.21866464"
"2013-Q2";"P";"T2";"1070380.29106824"
"2013-Q2";"P";"D";"102297.09161915"
"2013-Q2";"P";"T4";"1125128.58730063"
"2013-Q2";"N";"T0";"597033.76722035"
"2013-Q2";"N";"T1";"357173.82329978"
"2013-Q2";"N";"T2";"61778.00889686"
"2013-Q2";"N";"D";"1973.27310721"
"2013-Q2";"N";"T4";"-303237.94285163"
"2013-Q2";"N";"T7";"479346.60476813"
"2013-Q3";"A";"T0";"3878615.8263324"
"2013-Q3";"A";"T1";"1315470.79359348"
"2013-Q3";"A";"T2";"1139613.28546837"
"2013-Q3";"A";"D";"91163.83677"
"2013-Q3";"A";"T4";"852573.67953923"
"2013-Q3";"A";"T7";"479794.23096133"
"2013-Q3";"P";"T0";"3304167.06772504"
"2013-Q3";"P";"T1";"971045.60110437"
"2013-Q3";"P";"T2";"1112038.97037483"
"2013-Q3";"P";"D";"89079"
"2013-Q3";"P";"T4";"1132003.49624583"
"2013-Q3";"N";"T0";"574448.75860736"
"2013-Q3";"N";"T1";"344425.1924891"
"2013-Q3";"N";"T2";"27574.31509353"
"2013-Q3";"N";"D";"2084.83677"
"2013-Q3";"N";"T4";"-279429.8167066"
"2013-Q3";"N";"T7";"479794.23096133"
"2013-Q4";"A";"T0";"3887377.5936469"
"2013-Q4";"A";"T1";"1300379.86793142"
"2013-Q4";"A";"T2";"1158151.48510818"
"2013-Q4";"A";"D";"90653.00618165"
"2013-Q4";"A";"T4";"860828.74303159"
"2013-Q4";"A";"T7";"477364.49139406"
"2013-Q4";"P";"T0";"3329988.45157887"
"2013-Q4";"P";"T1";"965925.3633233"
"2013-Q4";"P";"T2";"1127593.02534823"
"2013-Q4";"P";"D";"87137"
"2013-Q4";"P";"T4";"1149333.06290734"
"2013-Q4";"N";"T0";"557389.14206803"
"2013-Q4";"N";"T1";"334454.50460812"
"2013-Q4";"N";"T2";"30558.45975995"
"2013-Q4";"N";"D";"3516.00618165"
"2013-Q4";"N";"T4";"-288504.31987575"
"2013-Q4";"N";"T7";"477364.49139406"
"2014-Q1";"A";"T0";"3884960.59302954"
"2014-Q1";"A";"T1";"1289771.48557034"
"2014-Q1";"A";"T2";"1169777.43112517"
"2014-Q1";"A";"D";"92593.309"
"2014-Q1";"A";"T4";"850241.26927396"
"2014-Q1";"A";"T7";"482577.09806008"
"2014-Q1";"P";"T0";"3352207.01637115"
"2014-Q1";"P";"T1";"979307.31768055"
"2014-Q1";"P";"T2";"1160207.99224831"
"2014-Q1";"P";"D";"90366.91445009"
"2014-Q1";"P";"T4";"1122324.79199221"
"2014-Q1";"N";"T0";"532753.57665839"
"2014-Q1";"N";"T1";"310464.16788979"
"2014-Q1";"N";"T2";"9569.43887686"
"2014-Q1";"N";"D";"2226.39454991"
"2014-Q1";"N";"T4";"-272083.52271825"
"2014-Q1";"N";"T7";"482577.09806008"
"2014-Q2";"A";"T0";"3917312.93040324"
"2014-Q2";"A";"T1";"1294805.72300107"
"2014-Q2";"A";"T2";"1206705.95979339"
"2014-Q2";"A";"D";"87331.53675"
"2014-Q2";"A";"T4";"833202.64183871"
"2014-Q2";"A";"T7";"495267.06902007"
"2014-Q2";"P";"T0";"3380034.9206061"
"2014-Q2";"P";"T1";"1003972.77633916"
"2014-Q2";"P";"T2";"1175773.96990664"
"2014-Q2";"P";"D";"87887.404314"
"2014-Q2";"P";"T4";"1112400.77004629"
"2014-Q2";"N";"T0";"537278.00979714"
"2014-Q2";"N";"T1";"290832.94666191"
"2014-Q2";"N";"T2";"30931.98988675"
"2014-Q2";"N";"D";"-555.867564"
"2014-Q2";"N";"T4";"-279198.12820758"
"2014-Q2";"N";"T7";"495267.06902007"
"2014-Q3";"A";"T0";"4013649.91858257"
"2014-Q3";"A";"T1";"1297161.06296392"
"2014-Q3";"A";"T2";"1240294.53238354"
"2014-Q3";"A";"D";"110969.85314029"
"2014-Q3";"A";"T4";"857661.52423689"
"2014-Q3";"A";"T7";"507562.94585792"
"2014-Q3";"P";"T0";"3457997.73381191"
"2014-Q3";"P";"T1";"1021683.76749407"
"2014-Q3";"P";"T2";"1205320.08468058"
"2014-Q3";"P";"D";"104217.93015776"
"2014-Q3";"P";"T4";"1126775.95147949"
"2014-Q3";"N";"T0";"555652.18477066"
"2014-Q3";"N";"T1";"275477.29546985"
"2014-Q3";"N";"T2";"34974.44770296"
"2014-Q3";"N";"D";"6751.92298253"
"2014-Q3";"N";"T4";"-269114.4272426"
"2014-Q3";"N";"T7";"507562.94585792"
"2014-Q4";"A";"T0";"4189592.14294513"
"2014-Q4";"A";"T1";"1418290.0764877"
"2014-Q4";"A";"T2";"1238420.12511246"
"2014-Q4";"A";"D";"103122.55875471"
"2014-Q4";"A";"T4";"888558.82053643"
"2014-Q4";"A";"T7";"541200.56205382"
"2014-Q4";"P";"T0";"3677136.21569417"
"2014-Q4";"P";"T1";"1213898.80749705"
"2014-Q4";"P";"T2";"1210692.50876892"
"2014-Q4";"P";"D";"104708.94587113"
"2014-Q4";"P";"T4";"1147835.95355706"
"2014-Q4";"N";"T0";"512455.92725096"
"2014-Q4";"N";"T1";"204391.26899066"
"2014-Q4";"N";"T2";"27727.61634353"
"2014-Q4";"N";"D";"-1586.38711642"
"2014-Q4";"N";"T4";"-259277.13302063"
"2014-Q4";"N";"T7";"541200.56205382"
"2015-Q1";"A";"T0";"4133213.37567213"
"2015-Q1";"A";"T1";"1374017.99181761"
"2015-Q1";"A";"T2";"1245507.06593381"
"2015-Q1";"A";"D";"113185.75912216"
"2015-Q1";"A";"T4";"833686.36039013"
"2015-Q1";"A";"T7";"566816.19840843"
"2015-Q1";"P";"T0";"3749920.66436501"
"2015-Q1";"P";"T1";"1243131.91519666"
"2015-Q1";"P";"T2";"1234209.86002013"
"2015-Q1";"P";"D";"114215.29449709"
"2015-Q1";"P";"T4";"1158363.59465112"
"2015-Q1";"N";"T0";"383292.71130713"
"2015-Q1";"N";"T1";"130886.07662095"
"2015-Q1";"N";"T2";"11297.20591368"
"2015-Q1";"N";"D";"-1029.53537494"
"2015-Q1";"N";"T4";"-324677.23426099"
"2015-Q1";"N";"T7";"566816.19840843"
"2015-Q2";"A";"T0";"4068444.69801173"
"2015-Q2";"A";"T1";"1392063.77558704"
"2015-Q2";"A";"T2";"1205328.1117539"
"2015-Q2";"A";"D";"86690.5196991"
"2015-Q2";"A";"T4";"825905.75837239"
"2015-Q2";"A";"T7";"558456.5325993"
"2015-Q2";"P";"T0";"3666739.14196079"
"2015-Q2";"P";"T1";"1278030.91350682"
"2015-Q2";"P";"T2";"1172280.95262482"
"2015-Q2";"P";"D";"89198.51706131"
"2015-Q2";"P";"T4";"1127228.75876784"
"2015-Q2";"N";"T0";"401705.55605094"
"2015-Q2";"N";"T1";"114032.86208023"
"2015-Q2";"N";"T2";"33047.15912908"
"2015-Q2";"N";"D";"-2507.99736222"
"2015-Q2";"N";"T4";"-301323.00039545"
"2015-Q2";"N";"T7";"558456.5325993"
"2015-Q3";"A";"T0";"4208041.61410673"
"2015-Q3";"A";"T1";"1490601.73566185"
"2015-Q3";"A";"T2";"1195253.37301013"
"2015-Q3";"A";"D";"91294.39944524"
"2015-Q3";"A";"T4";"846873.34344021"
"2015-Q3";"A";"T7";"584018.76254929"
"2015-Q3";"P";"T0";"3700922.20314718"
"2015-Q3";"P";"T1";"1309639.77160033"
"2015-Q3";"P";"T2";"1142168.53192687"
"2015-Q3";"P";"D";"92704.64909771"
"2015-Q3";"P";"T4";"1156409.25052227"
"2015-Q3";"N";"T0";"507119.41095955"
"2015-Q3";"N";"T1";"180961.96406152"
"2015-Q3";"N";"T2";"53084.84108326"
"2015-Q3";"N";"D";"-1410.24965247"
"2015-Q3";"N";"T4";"-309535.90708206"
"2015-Q3";"N";"T7";"584018.76254929"
"2015-Q4";"A";"T0";"4335425.3321202"
"2015-Q4";"A";"T1";"1551458.28169176"
"2015-Q4";"A";"T2";"1220864.253335"
"2015-Q4";"A";"D";"72344.83841899"
"2015-Q4";"A";"T4";"889399.10521919"
"2015-Q4";"A";"T7";"601358.85345526"
"2015-Q4";"P";"T0";"3841329.40265587"
"2015-Q4";"P";"T1";"1392619.18951177"
"2015-Q4";"P";"T2";"1196215.58226933"
"2015-Q4";"P";"D";"70560.15534696"
"2015-Q4";"P";"T4";"1181934.47552781"
"2015-Q4";"N";"T0";"494095.92946433"
"2015-Q4";"N";"T1";"158839.09217999"
"2015-Q4";"N";"T2";"24648.67106568"
"2015-Q4";"N";"D";"1784.68307203"
"2015-Q4";"N";"T4";"-292535.37030862"
"2015-Q4";"N";"T7";"601358.85345526"
"2016-Q1";"A";"T0";"4365388.11020489"
"2016-Q1";"A";"T1";"1625460.78879778"
"2016-Q1";"A";"T2";"1210970.65850034"
"2016-Q1";"A";"D";"78666.2359262"
"2016-Q1";"A";"T4";"827959.38160378"
"2016-Q1";"A";"T7";"622331.04537679"
"2016-Q1";"P";"T0";"3811519.02917173"
"2016-Q1";"P";"T1";"1498411.38862324"
"2016-Q1";"P";"T2";"1107673.82504103"
"2016-Q1";"P";"D";"76038.11381579"
"2016-Q1";"P";"T4";"1129395.70169167"
"2016-Q1";"N";"T0";"553869.08103316"
"2016-Q1";"N";"T1";"127049.40017454"
"2016-Q1";"N";"T2";"103296.83345932"
"2016-Q1";"N";"D";"2628.12211041"
"2016-Q1";"N";"T4";"-301436.32008789"
"2016-Q1";"N";"T7";"622331.04537679"
"2016-Q2";"A";"T0";"4522659.96763479"
"2016-Q2";"A";"T1";"1672741.66895267"
"2016-Q2";"A";"T2";"1235258.11236906"
"2016-Q2";"A";"D";"82657.33847988"
"2016-Q2";"A";"T4";"874151.19475389"
"2016-Q2";"A";"T7";"657851.65307928"
"2016-Q2";"P";"T0";"3955689.30515026"
"2016-Q2";"P";"T1";"1576523.03794378"
"2016-Q2";"P";"T2";"1114017.30229571"
"2016-Q2";"P";"D";"81393.45955644"
"2016-Q2";"P";"T4";"1183755.50535433"
"2016-Q2";"N";"T0";"566970.66248453"
"2016-Q2";"N";"T1";"96218.63100889"
"2016-Q2";"N";"T2";"121240.81007335"
"2016-Q2";"N";"D";"1263.87892345"
"2016-Q2";"N";"T4";"-309604.31060044"
"2016-Q2";"N";"T7";"657851.65307928"
"2016-Q3";"A";"T0";"4663624.81260123"
"2016-Q3";"A";"T1";"1746129.19694232"
"2016-Q3";"A";"T2";"1259139.18016022"
"2016-Q3";"A";"D";"64513.68141539"
"2016-Q3";"A";"T4";"917201.9046425"
"2016-Q3";"A";"T7";"676640.84944079"
"2016-Q3";"P";"T0";"4073734.87279939"
"2016-Q3";"P";"T1";"1661725.35150472"
"2016-Q3";"P";"T2";"1138508.38957136"
"2016-Q3";"P";"D";"64933.88775977"
"2016-Q3";"P";"T4";"1208567.24396354"
"2016-Q3";"N";"T0";"589889.93980184"
"2016-Q3";"N";"T1";"84403.8454376"
"2016-Q3";"N";"T2";"120630.79058887"
"2016-Q3";"N";"D";"-420.20634438"
"2016-Q3";"N";"T4";"-291365.33932104"
"2016-Q3";"N";"T7";"676640.84944079"
"2016-Q4";"A";"T0";"4849347.70735775"
"2016-Q4";"A";"T1";"1816282.10647613"
"2016-Q4";"A";"T2";"1281062.76457437"
"2016-Q4";"A";"D";"69496.62065895"
"2016-Q4";"A";"T4";"992009.51878514"
"2016-Q4";"A";"T7";"690496.69686316"
"2016-Q4";"P";"T0";"4225866.96390172"
"2016-Q4";"P";"T1";"1752357.91121946"
"2016-Q4";"P";"T2";"1156398.00898187"
"2016-Q4";"P";"D";"71534.69019027"
"2016-Q4";"P";"T4";"1245576.35351012"
"2016-Q4";"N";"T0";"623480.74345603"
"2016-Q4";"N";"T1";"63924.19525667"
"2016-Q4";"N";"T2";"124664.7555925"
"2016-Q4";"N";"D";"-2038.06953133"
"2016-Q4";"N";"T4";"-253566.83472497"
"2016-Q4";"N";"T7";"690496.69686316"
"2017-Q1";"A";"T0";"4880307.64727405"
"2017-Q1";"A";"T1";"1826761.0149579"
"2017-Q1";"A";"T2";"1308523.08517938"
"2017-Q1";"A";"D";"51608.36689102"
"2017-Q1";"A";"T4";"962599.87549284"
"2017-Q1";"A";"T7";"730815.30475292"
"2017-Q1";"P";"T0";"4282603.74141785"
"2017-Q1";"P";"T1";"1781295.14896236"
"2017-Q1";"P";"T2";"1220724.75760544"
"2017-Q1";"P";"D";"54365.14827828"
"2017-Q1";"P";"T4";"1226218.68657176"
"2017-Q1";"N";"T0";"597703.90585621"
"2017-Q1";"N";"T1";"45465.86599553"
"2017-Q1";"N";"T2";"87798.32757393"
"2017-Q1";"N";"D";"-2756.78138726"
"2017-Q1";"N";"T4";"-263618.81107892"
"2017-Q1";"N";"T7";"730815.30475292"
"2017-Q2";"A";"T0";"4925620.15293789"
"2017-Q2";"A";"T1";"1842249.06301423"
"2017-Q2";"A";"T2";"1299927.67514676"
"2017-Q2";"A";"D";"52824.17868573"
"2017-Q2";"A";"T4";"991470.11341743"
"2017-Q2";"A";"T7";"739149.12267375"
"2017-Q2";"P";"T0";"4341465.39218903"
"2017-Q2";"P";"T1";"1850467.47216189"
"2017-Q2";"P";"T2";"1211814.09782338"
"2017-Q2";"P";"D";"53994.04663444"
"2017-Q2";"P";"T4";"1225189.77556931"
"2017-Q2";"N";"T0";"584154.76074886"
"2017-Q2";"N";"T1";"-8218.40914766"
"2017-Q2";"N";"T2";"88113.57732337"
"2017-Q2";"N";"D";"-1169.86794871"
"2017-Q2";"N";"T4";"-233719.66215189"
"2017-Q2";"N";"T7";"739149.12267375"
"2017-Q3";"A";"T0";"5050843.98287333"
"2017-Q3";"A";"T1";"1866158.17826279"
"2017-Q3";"A";"T2";"1345716.6542198"
"2017-Q3";"A";"D";"55755.43980619"
"2017-Q3";"A";"T4";"1011131.21629152"
"2017-Q3";"A";"T7";"772082.49429303"
"2017-Q3";"P";"T0";"4384300.12498374"
"2017-Q3";"P";"T1";"1837551.89300573"
"2017-Q3";"P";"T2";"1243606.58581215"
"2017-Q3";"P";"D";"59294.75580686"
"2017-Q3";"P";"T4";"1243846.890359"
"2017-Q3";"N";"T0";"666543.85788958"
"2017-Q3";"N";"T1";"28606.28525706"
"2017-Q3";"N";"T2";"102110.06840765"
"2017-Q3";"N";"D";"-3539.31600067"
"2017-Q3";"N";"T4";"-232715.67406749"
"2017-Q3";"N";"T7";"772082.49429303"
"2017-Q4";"A";"T0";"5162183.55430877"
"2017-Q4";"A";"T1";"1906952.25057707"
"2017-Q4";"A";"T2";"1375378.14808684"
"2017-Q4";"A";"D";"51631.53297752"
"2017-Q4";"A";"T4";"1036092.42610681"
"2017-Q4";"A";"T7";"792129.19656052"
"2017-Q4";"P";"T0";"4476706.70736492"
"2017-Q4";"P";"T1";"1890159.4183336"
"2017-Q4";"P";"T2";"1275967.7570774"
"2017-Q4";"P";"D";"55728.14000983"
"2017-Q4";"P";"T4";"1254851.39194409"
"2017-Q4";"N";"T0";"685476.84694385"
"2017-Q4";"N";"T1";"16792.83224346"
"2017-Q4";"N";"T2";"99410.39100944"
"2017-Q4";"N";"D";"-4096.6070323"
"2017-Q4";"N";"T4";"-218758.96583728"
"2017-Q4";"N";"T7";"792129.19656052"
"2018-Q1";"A";"T0";"5139273.97088153"
"2018-Q1";"A";"T1";"1945719.90477204"
"2018-Q1";"A";"T2";"1362227.95269293"
"2018-Q1";"A";"D";"53742.70180007"
"2018-Q1";"A";"T4";"992290.08429687"
"2018-Q1";"A";"T7";"785293.32731962"
"2018-Q1";"P";"T0";"4425938.25118893"
"2018-Q1";"P";"T1";"1889416.91215735"
"2018-Q1";"P";"T2";"1211481.40538962"
"2018-Q1";"P";"D";"57284.28256585"
"2018-Q1";"P";"T4";"1267755.6510761"
"2018-Q1";"N";"T0";"713335.7196926"
"2018-Q1";"N";"T1";"56302.99261469"
"2018-Q1";"N";"T2";"150746.54730331"
"2018-Q1";"N";"D";"-3541.58076578"
"2018-Q1";"N";"T4";"-275465.56677923"
"2018-Q1";"N";"T7";"785293.32731962"
"2018-Q2";"A";"T0";"5159003.27353606"
"2018-Q2";"A";"T1";"1957166.95233537"
"2018-Q2";"A";"T2";"1364281.73507146"
"2018-Q2";"A";"D";"65719.21884954"
"2018-Q2";"A";"T4";"976233.72918083"
"2018-Q2";"A";"T7";"795601.63809885"
"2018-Q2";"P";"T0";"4400380.82651811"
"2018-Q2";"P";"T1";"1874408.12143787"
"2018-Q2";"P";"T2";"1208870.32353117"
"2018-Q2";"P";"D";"72101.49482951"
"2018-Q2";"P";"T4";"1245000.88671957"
"2018-Q2";"N";"T0";"758622.44701795"
"2018-Q2";"N";"T1";"82758.8308975"
"2018-Q2";"N";"T2";"155411.41154029"
"2018-Q2";"N";"D";"-6382.27597996"
"2018-Q2";"N";"T4";"-268767.15753874"
"2018-Q2";"N";"T7";"795601.63809885"
"2018-Q3";"A";"T0";"5100870.38551829"
"2018-Q3";"A";"T1";"1956615.56558404"
"2018-Q3";"A";"T2";"1354770.78031857"
"2018-Q3";"A";"D";"67168.01808713"
"2018-Q3";"A";"T4";"938288.80941783"
"2018-Q3";"A";"T7";"784027.21211072"
"2018-Q3";"P";"T0";"4375144.15302971"
"2018-Q3";"P";"T1";"1856666.09759399"
"2018-Q3";"P";"T2";"1250343.47911701"
"2018-Q3";"P";"D";"70045.84848402"
"2018-Q3";"P";"T4";"1198088.72783468"
"2018-Q3";"N";"T0";"725726.23248858"
"2018-Q3";"N";"T1";"99949.46799005"
"2018-Q3";"N";"T2";"104427.30120157"
"2018-Q3";"N";"D";"-2877.83039689"
"2018-Q3";"N";"T4";"-259799.91841686"
"2018-Q3";"N";"T7";"784027.21211072"
"2018-Q4";"A";"T0";"5053172.91059529"
"2018-Q4";"A";"T1";"1959478.23085264"
"2018-Q4";"A";"T2";"1292147.23988294"
"2018-Q4";"A";"D";"69543.98593015"
"2018-Q4";"A";"T4";"955505.93775432"
"2018-Q4";"A";"T7";"776497.51617525"
"2018-Q4";"P";"T0";"4252041.72759883"
"2018-Q4";"P";"T1";"1825915.89688699"
"2018-Q4";"P";"T2";"1146189.33472007"
"2018-Q4";"P";"D";"67778.7014994"
"2018-Q4";"P";"T4";"1212157.79449237"
"2018-Q4";"N";"T0";"801131.18299646"
"2018-Q4";"N";"T1";"133562.33396565"
"2018-Q4";"N";"T2";"145957.90516287"
"2018-Q4";"N";"D";"1765.28443075"
"2018-Q4";"N";"T4";"-256651.85673805"
"2018-Q4";"N";"T7";"776497.51617525"
"2019-Q1";"A";"T0";"5146010.04606686"
"2019-Q1";"A";"T1";"1969886.54192484"
"2019-Q1";"A";"T2";"1371108.17390001"
"2019-Q1";"A";"D";"55203.16933287"
"2019-Q1";"A";"T4";"944420.36716495"
"2019-Q1";"A";"T7";"805391.79374418"
"2019-Q1";"P";"T0";"4385914.17989797"
"2019-Q1";"P";"T1";"1850495.98705345"
"2019-Q1";"P";"T2";"1270440.44173021"
"2019-Q1";"P";"D";"58245.38839757"
"2019-Q1";"P";"T4";"1206732.36271674"
"2019-Q1";"N";"T0";"760095.86616889"
"2019-Q1";"N";"T1";"119390.55487139"
"2019-Q1";"N";"T2";"100667.7321698"
"2019-Q1";"N";"D";"-3042.2190647"
"2019-Q1";"N";"T4";"-262311.99555179"
"2019-Q1";"N";"T7";"805391.79374418"
"2019-Q2";"A";"T0";"5159492.41294778"
"2019-Q2";"A";"T1";"1962803.47046803"
"2019-Q2";"A";"T2";"1379157.15939383"
"2019-Q2";"A";"D";"61358.7858273"
"2019-Q2";"A";"T4";"944797.15968407"
"2019-Q2";"A";"T7";"811375.83757456"
"2019-Q2";"P";"T0";"4452766.01005057"
"2019-Q2";"P";"T1";"1866690.59598812"
"2019-Q2";"P";"T2";"1324817.0780649"
"2019-Q2";"P";"D";"60466.741238"
"2019-Q2";"P";"T4";"1200791.59475955"
"2019-Q2";"N";"T0";"706726.40289721"
"2019-Q2";"N";"T1";"96112.87447991"
"2019-Q2";"N";"T2";"54340.08132892"
"2019-Q2";"N";"D";"892.0445893"
"2019-Q2";"N";"T4";"-255994.43507548"
"2019-Q2";"N";"T7";"811375.83757456"
"2019-Q3";"A";"T0";"5223936.88482991"
"2019-Q3";"A";"T1";"1978103.55508503"
"2019-Q3";"A";"T2";"1403228.35239462"
"2019-Q3";"A";"D";"66969.8482061"
"2019-Q3";"A";"T4";"943175.55224903"
"2019-Q3";"A";"T7";"832459.57689514"
"2019-Q3";"P";"T0";"4548707.89125247"
"2019-Q3";"P";"T1";"1909668.37545863"
"2019-Q3";"P";"T2";"1352137.47028487"
"2019-Q3";"P";"D";"68736.00714516"
"2019-Q3";"P";"T4";"1218166.03836381"
"2019-Q3";"N";"T0";"675228.99357744"
"2019-Q3";"N";"T1";"68435.1796264"
"2019-Q3";"N";"T2";"51090.88210974"
"2019-Q3";"N";"D";"-1766.15893907"
"2019-Q3";"N";"T4";"-274990.48611478"
"2019-Q3";"N";"T7";"832459.57689514"
"2019-Q4";"A";"T0";"5320649.60257402"
"2019-Q4";"A";"T1";"2065275.64835956"
"2019-Q4";"A";"T2";"1429298.35300874"
"2019-Q4";"A";"D";"59842.60985521"
"2019-Q4";"A";"T4";"939824.28167179"
"2019-Q4";"A";"T7";"826408.70967871"
"2019-Q4";"P";"T0";"4658856.47164331"
"2019-Q4";"P";"T1";"1974512.76201206"
"2019-Q4";"P";"T2";"1411900.91716672"
"2019-Q4";"P";"D";"59084.97648771"
"2019-Q4";"P";"T4";"1213357.81597682"
"2019-Q4";"N";"T0";"661793.13093071"
"2019-Q4";"N";"T1";"90762.8863475"
"2019-Q4";"N";"T2";"17397.43584202"
"2019-Q4";"N";"D";"757.6333675"
"2019-Q4";"N";"T4";"-273533.53430503"
"2019-Q4";"N";"T7";"826408.70967871"
"2020-Q1";"A";"T0";"5204545.83903588"
"2020-Q1";"A";"T1";"2060378.72768775"
"2020-Q1";"A";"T2";"1276043.66449199"
"2020-Q1";"A";"D";"118554.11950543"
"2020-Q1";"A";"T4";"928654.2847404"
"2020-Q1";"A";"T7";"820915.04261031"
"2020-Q1";"P";"T0";"4533175.44400555"
"2020-Q1";"P";"T1";"1943913.90462176"
"2020-Q1";"P";"T2";"1222338.50682624"
"2020-Q1";"P";"D";"105772.14896175"
"2020-Q1";"P";"T4";"1261150.8835958"
"2020-Q1";"N";"T0";"671370.39503033"
"2020-Q1";"N";"T1";"116464.82306599"
"2020-Q1";"N";"T2";"53705.15766574"
"2020-Q1";"N";"D";"12781.97054369"
"2020-Q1";"N";"T4";"-332496.5988554"
"2020-Q1";"N";"T7";"820915.04261031"
"2020-Q2";"A";"T0";"5224047.10776253"
"2020-Q2";"A";"T1";"1990821.07785084"
"2020-Q2";"A";"T2";"1388627.92169422"
"2020-Q2";"A";"D";"79803.839372"
"2020-Q2";"A";"T4";"851224.02864287"
"2020-Q2";"A";"T7";"913570.2402026"
"2020-Q2";"P";"T0";"4500969.1143542"
"2020-Q2";"P";"T1";"1802575.32319443"
"2020-Q2";"P";"T2";"1335940.1887582"
"2020-Q2";"P";"D";"74455.36456438"
"2020-Q2";"P";"T4";"1287998.2378372"
"2020-Q2";"N";"T0";"723077.99340832"
"2020-Q2";"N";"T1";"188245.75465641"
"2020-Q2";"N";"T2";"52687.73293603"
"2020-Q2";"N";"D";"5348.47480762"
"2020-Q2";"N";"T4";"-436774.20919433"
"2020-Q2";"N";"T7";"913570.2402026"
"2020-Q3";"A";"T0";"5306355.74525674"
"2020-Q3";"A";"T1";"2046298.94896657"
"2020-Q3";"A";"T2";"1416812.38054869"
"2020-Q3";"A";"D";"74893.70210656"
"2020-Q3";"A";"T4";"830256.55904679"
"2020-Q3";"A";"T7";"938094.15458813"
"2020-Q3";"P";"T0";"4511663.04155019"
"2020-Q3";"P";"T1";"1803135.30981443"
"2020-Q3";"P";"T2";"1347018.89450686"
"2020-Q3";"P";"D";"70303.39558984"
"2020-Q3";"P";"T4";"1291205.44163906"
"2020-Q3";"N";"T0";"794692.70370655"
"2020-Q3";"N";"T1";"243163.63915214"
"2020-Q3";"N";"T2";"69793.48604183"
"2020-Q3";"N";"D";"4590.30651672"
"2020-Q3";"N";"T4";"-460948.88259227"
"2020-Q3";"N";"T7";"938094.15458813"
"2020-Q4";"A";"T0";"5358682.61133222"
"2020-Q4";"A";"T1";"2012763.36199737"
"2020-Q4";"A";"T2";"1486125.92066836"
"2020-Q4";"A";"D";"83914.34333912"
"2020-Q4";"A";"T4";"821739.93186014"
"2020-Q4";"A";"T7";"954139.05346723"
"2020-Q4";"P";"T0";"4558912.84477179"
"2020-Q4";"P";"T1";"1770543.42777233"
"2020-Q4";"P";"T2";"1416346.9080264"
"2020-Q4";"P";"D";"81437.54906124"
"2020-Q4";"P";"T4";"1290584.95991182"
"2020-Q4";"N";"T0";"799769.76656043"
"2020-Q4";"N";"T1";"242219.93422504"
"2020-Q4";"N";"T2";"69779.01264196"
"2020-Q4";"N";"D";"2476.79427788"
"2020-Q4";"N";"T4";"-468845.02805168"
"2020-Q4";"N";"T7";"954139.05346723"
"2021-Q1";"A";"T0";"5660152.83028824"
"2021-Q1";"A";"T1";"2121190.06213835"
"2021-Q1";"A";"T2";"1582519.27031138"
"2021-Q1";"A";"D";"86187.05010592"
"2021-Q1";"A";"T4";"879732.31505357"
"2021-Q1";"A";"T7";"990524.13267902"
"2021-Q1";"P";"T0";"4724283.01088179"
"2021-Q1";"P";"T1";"1806310.73854988"
"2021-Q1";"P";"T2";"1479234.67962876"
"2021-Q1";"P";"D";"87809.80218266"
"2021-Q1";"P";"T4";"1350927.7905205"
"2021-Q1";"N";"T0";"935869.81940645"
"2021-Q1";"N";"T1";"314879.32358848"
"2021-Q1";"N";"T2";"103284.59068262"
"2021-Q1";"N";"D";"-1622.75207674"
"2021-Q1";"N";"T4";"-471195.47546693"
"2021-Q1";"N";"T7";"990524.13267902"
"2021-Q2";"A";"T0";"5699705.01278125"
"2021-Q2";"A";"T1";"2096078.35107051"
"2021-Q2";"A";"T2";"1626844.36064349"
"2021-Q2";"A";"D";"86322.82063593"
"2021-Q2";"A";"T4";"888308.29114155"
"2021-Q2";"A";"T7";"1002151.18928976"
"2021-Q2";"P";"T0";"4787741.33334897"
"2021-Q2";"P";"T1";"1773456.99299656"
"2021-Q2";"P";"T2";"1577662.03798981"
"2021-Q2";"P";"D";"87214.94682678"
"2021-Q2";"P";"T4";"1349407.35553582"
"2021-Q2";"N";"T0";"911963.67943228"
"2021-Q2";"N";"T1";"322621.35807395"
"2021-Q2";"N";"T2";"49182.32265368"
"2021-Q2";"N";"D";"-892.12619085"
"2021-Q2";"N";"T4";"-461099.06439427"
"2021-Q2";"N";"T7";"1002151.18928976"
"2021-Q3";"A";"T0";"5722416.28396489"
"2021-Q3";"A";"T1";"2067002.56017499"
"2021-Q3";"A";"T2";"1628771.71182369"
"2021-Q3";"A";"D";"122450.99468632"
"2021-Q3";"A";"T4";"896634.8343302"
"2021-Q3";"A";"T7";"1007556.18294968"
"2021-Q3";"P";"T0";"4774433.26113852"
"2021-Q3";"P";"T1";"1725278.91185901"
"2021-Q3";"P";"T2";"1568195.0328194"
"2021-Q3";"P";"D";"123272.4355067"
"2021-Q3";"P";"T4";"1357686.88095341"
"2021-Q3";"N";"T0";"947983.02282637"
"2021-Q3";"N";"T1";"341723.64831598"
"2021-Q3";"N";"T2";"60576.67900429"
"2021-Q3";"N";"D";"-821.44082038"
"2021-Q3";"N";"T4";"-461052.04662321"
"2021-Q3";"N";"T7";"1007556.18294968"
"2021-Q4";"A";"T0";"5661538.76708934"
"2021-Q4";"A";"T1";"1996173.40146845"
"2021-Q4";"A";"T2";"1630582.0325182"
"2021-Q4";"A";"D";"122978.33207022"
"2021-Q4";"A";"T4";"897670.60911804"
"2021-Q4";"A";"T7";"1014134.39191443"
"2021-Q4";"P";"T0";"4862761.45206928"
"2021-Q4";"P";"T1";"1665307.54142936"
"2021-Q4";"P";"T2";"1691096.26426605"
"2021-Q4";"P";"D";"126038.13759045"
"2021-Q4";"P";"T4";"1380319.50878342"
"2021-Q4";"N";"T0";"798777.31502006"
"2021-Q4";"N";"T1";"330865.86003909"
"2021-Q4";"N";"T2";"-60514.23174785"
"2021-Q4";"N";"D";"-3059.80552023"
"2021-Q4";"N";"T4";"-482648.89966538"
"2021-Q4";"N";"T7";"1014134.39191443"
"2022-Q1";"A";"T0";"5644570.37159985"
"2022-Q1";"A";"T1";"1996609.29853568"
"2022-Q1";"A";"T2";"1575771.13737797"
"2022-Q1";"A";"D";"167230.69387805"
"2022-Q1";"A";"T4";"922090.05603861"
"2022-Q1";"A";"T7";"982869.18576954"
"2022-Q1";"P";"T0";"4865341.14946611"
"2022-Q1";"P";"T1";"1708955.72430185"
"2022-Q1";"P";"T2";"1566816.22814505"
"2022-Q1";"P";"D";"175058.28178981"
"2022-Q1";"P";"T4";"1414510.9152294"
"2022-Q1";"N";"T0";"779229.22213375"
"2022-Q1";"N";"T1";"287653.57423383"
"2022-Q1";"N";"T2";"8954.90923292"
"2022-Q1";"N";"D";"-7827.58791176"
"2022-Q1";"N";"T4";"-492420.85919079"
"2022-Q1";"N";"T7";"982869.18576954"
"2022-Q2";"A";"T0";"5480613.08971342"
"2022-Q2";"A";"T1";"1984735.44857409"
"2022-Q2";"A";"T2";"1458807.13786595"
"2022-Q2";"A";"D";"199391.11325633"
"2022-Q2";"A";"T4";"918171.2270044"
"2022-Q2";"A";"T7";"919508.16301266"
"2022-Q2";"P";"T0";"4710827.4025181"
"2022-Q2";"P";"T1";"1715702.17227515"
"2022-Q2";"P";"T2";"1391847.75462217"
"2022-Q2";"P";"D";"198754.39445795"
"2022-Q2";"P";"T4";"1404523.08116283"
"2022-Q2";"N";"T0";"769785.68719533"
"2022-Q2";"N";"T1";"269033.27629894"
"2022-Q2";"N";"T2";"66959.38324378"
"2022-Q2";"N";"D";"636.71879838"
"2022-Q2";"N";"T4";"-486351.85415844"
"2022-Q2";"N";"T7";"919508.16301266"
"2022-Q3";"A";"T0";"5360843.56733833"
"2022-Q3";"A";"T1";"1960347.67413447"
"2022-Q3";"A";"T2";"1416867.45808311"
"2022-Q3";"A";"D";"229422.96956814"
"2022-Q3";"A";"T4";"881457.32874111"
"2022-Q3";"A";"T7";"872748.1368115"
"2022-Q3";"P";"T0";"4622731.60424088"
"2022-Q3";"P";"T1";"1719779.14590379"
"2022-Q3";"P";"T2";"1308145.13627962"
"2022-Q3";"P";"D";"235541.58001323"
"2022-Q3";"P";"T4";"1359265.74204424"
"2022-Q3";"N";"T0";"738111.96309745"
"2022-Q3";"N";"T1";"240568.52823069"
"2022-Q3";"N";"T2";"108722.32180349"
"2022-Q3";"N";"D";"-6118.6104451"
"2022-Q3";"N";"T4";"-477808.41330313"
"2022-Q3";"N";"T7";"872748.1368115"
"2022-Q4";"A";"T0";"5251444.58041458"
"2022-Q4";"A";"T1";"1905031.01672578"
"2022-Q4";"A";"T2";"1449369.06128667"
"2022-Q4";"A";"D";"140716.05621895"
"2022-Q4";"A";"T4";"904133.26011665"
"2022-Q4";"A";"T7";"852195.18606653"
"2022-Q4";"P";"T0";"4518143.57991317"
"2022-Q4";"P";"T1";"1658735.1954658"
"2022-Q4";"P";"T2";"1417309.39687207"
"2022-Q4";"P";"D";"144090.07264982"
"2022-Q4";"P";"T4";"1298008.91492547"
"2022-Q4";"N";"T0";"733301.00050141"
"2022-Q4";"N";"T1";"246295.82125998"
"2022-Q4";"N";"T2";"32059.6644146"
"2022-Q4";"N";"D";"-3374.01643088"
"2022-Q4";"N";"T4";"-393875.65480881"
"2022-Q4";"N";"T7";"852195.18606653"
"2023-Q1";"A";"T0";"5300089.1718938"
"2023-Q1";"A";"T1";"1935508.1111081"
"2023-Q1";"A";"T2";"1503511.38555887"
"2023-Q1";"A";"D";"115185.15353724"
"2023-Q1";"A";"T4";"929754.12272159"
"2023-Q1";"A";"T7";"816130.398968"
"2023-Q1";"P";"T0";"4530401.90884717"
"2023-Q1";"P";"T1";"1686308.57393478"
"2023-Q1";"P";"T2";"1468967.75104437"
"2023-Q1";"P";"D";"115899.95151535"
"2023-Q1";"P";"T4";"1259225.63235267"
"2023-Q1";"N";"T0";"769687.26304663"
"2023-Q1";"N";"T1";"249199.53717332"
"2023-Q1";"N";"T2";"34543.6345145"
"2023-Q1";"N";"D";"-714.79797811"
"2023-Q1";"N";"T4";"-329471.50963109"
"2023-Q1";"N";"T7";"816130.398968"
"2023-Q2";"A";"T0";"5203261.11370093"
"2023-Q2";"A";"T1";"1914531.92843538"
"2023-Q2";"A";"T2";"1514476.02169381"
"2023-Q2";"A";"D";"101491.5516107"
"2023-Q2";"A";"T4";"878195.00154192"
"2023-Q2";"A";"T7";"794566.6104191"
"2023-Q2";"P";"T0";"4429155.2119714"
"2023-Q2";"P";"T1";"1629090.7808872"
"2023-Q2";"P";"T2";"1532146.77641005"
"2023-Q2";"P";"D";"101222.31720536"
"2023-Q2";"P";"T4";"1166695.33746879"
"2023-Q2";"N";"T0";"774105.90172952"
"2023-Q2";"N";"T1";"285441.14754818"
"2023-Q2";"N";"T2";"-17670.75471624"
"2023-Q2";"N";"D";"269.23440534"
"2023-Q2";"N";"T4";"-288500.33592686"
"2023-Q2";"N";"T7";"794566.6104191"
"2023-Q3";"A";"T0";"5152484.88471754"
"2023-Q3";"A";"T1";"1919915.6374655"
"2023-Q3";"A";"T2";"1507277.56498219"
"2023-Q3";"A";"D";"100318.91705915"
"2023-Q3";"A";"T4";"877116.65684915"
"2023-Q3";"A";"T7";"747856.10836154"
"2023-Q3";"P";"T0";"4320931.31249921"
"2023-Q3";"P";"T1";"1598019.53103254"
"2023-Q3";"P";"T2";"1447037.52341954"
"2023-Q3";"P";"D";"99942.86781882"
"2023-Q3";"P";"T4";"1175931.39022831"
"2023-Q3";"N";"T0";"831553.57221833"
"2023-Q3";"N";"T1";"321896.10643296"
"2023-Q3";"N";"T2";"60240.04156264"
"2023-Q3";"N";"D";"376.04924034"
"2023-Q3";"N";"T4";"-298814.73337915"
"2023-Q3";"N";"T7";"747856.10836154"
"2023-Q4";"A";"T0";"4965408.46042124"
"2023-Q4";"A";"T1";"1839211.60580251"
"2023-Q4";"A";"T2";"1502366.27357435"
"2023-Q4";"A";"D";"95293.94419902"
"2023-Q4";"A";"T4";"804160.77758144"
"2023-Q4";"A";"T7";"724375.85926392"
"2023-Q4";"P";"T0";"4170579.41821753"
"2023-Q4";"P";"T1";"1513661.49065317"
"2023-Q4";"P";"T2";"1449632.59594193"
"2023-Q4";"P";"D";"93725.88442617"
"2023-Q4";"P";"T4";"1113559.44719627"
"2023-Q4";"N";"T0";"794829.04220371"
"2023-Q4";"N";"T1";"325550.11514934"
"2023-Q4";"N";"T2";"52733.67763242"
"2023-Q4";"N";"D";"1568.05977286"
"2023-Q4";"N";"T4";"-309398.66961483"
"2023-Q4";"N";"T7";"724375.85926392"
"2024-Q1";"A";"T0";"5293301.0855994"
"2024-Q1";"A";"T1";"1931566.46955228"
"2024-Q1";"A";"T2";"1630659.46114923"
"2024-Q1";"A";"D";"81698.24941701"
"2024-Q1";"A";"T4";"854433.5263577"
"2024-Q1";"A";"T7";"794943.37912318"
"2024-Q1";"P";"T0";"4335723.16517786"
"2024-Q1";"P";"T1";"1518723.68854773"
"2024-Q1";"P";"T2";"1541516.53919586"
"2024-Q1";"P";"D";"77516.77763178"
"2024-Q1";"P";"T4";"1197966.1598025"
"2024-Q1";"N";"T0";"957577.92042154"
"2024-Q1";"N";"T1";"412842.78100455"
"2024-Q1";"N";"T2";"89142.92195337"
"2024-Q1";"N";"D";"4181.47178523"
"2024-Q1";"N";"T4";"-343532.6334448"
"2024-Q1";"N";"T7";"794943.37912318"
"2024-Q2";"A";"T0";"5234439.59747742"
"2024-Q2";"A";"T1";"1916513.41822898"
"2024-Q2";"A";"T2";"1640300.5257383"
"2024-Q2";"A";"D";"77188.9860895"
"2024-Q2";"A";"T4";"806180.91188645"
"2024-Q2";"A";"T7";"794255.75553419"
"2024-Q2";"P";"T0";"4274922.5146247"
"2024-Q2";"P";"T1";"1467685.91455141"
"2024-Q2";"P";"T2";"1541450.61553514"
"2024-Q2";"P";"D";"75268.23092737"
"2024-Q2";"P";"T4";"1190517.75361078"
"2024-Q2";"N";"T0";"959517.08285272"
"2024-Q2";"N";"T1";"448827.50367757"
"2024-Q2";"N";"T2";"98849.91020315"
"2024-Q2";"N";"D";"1920.75516213"
"2024-Q2";"N";"T4";"-384336.84172433"
"2024-Q2";"N";"T7";"794255.75553419"
"2024-Q3";"A";"T0";"5170920.48564452"
"2024-Q3";"A";"T1";"1868225.9176922"
"2024-Q3";"A";"T2";"1646914.91175691"
"2024-Q3";"A";"D";"77357.8413295"
"2024-Q3";"A";"T4";"776130.78764675"
"2024-Q3";"A";"T7";"802291.02721916"
"2024-Q3";"P";"T0";"4271554.55308022"
"2024-Q3";"P";"T1";"1445425.61164113"
"2024-Q3";"P";"T2";"1569883.68158612"
"2024-Q3";"P";"D";"78609.97412842"
"2024-Q3";"P";"T4";"1177635.28572455"
"2024-Q3";"N";"T0";"899365.9325643"
"2024-Q3";"N";"T1";"422800.30605107"
"2024-Q3";"N";"T2";"77031.23017079"
"2024-Q3";"N";"D";"-1252.13279892"
"2024-Q3";"N";"T4";"-401504.49807779"
"2024-Q3";"N";"T7";"802291.02721916"
"2024-Q4";"A";"T0";"5270374.21346743"
"2024-Q4";"A";"T1";"1865496.94521658"
"2024-Q4";"A";"T2";"1685617.50715926"
"2024-Q4";"A";"D";"95608.31693632"
"2024-Q4";"A";"T4";"801084.71985387"
"2024-Q4";"A";"T7";"822566.7243014"
"2024-Q4";"P";"T0";"4230334.24293436"
"2024-Q4";"P";"T1";"1430863.62425317"
"2024-Q4";"P";"T2";"1500152.06593512"
"2024-Q4";"P";"D";"91904.77503544"
"2024-Q4";"P";"T4";"1207413.77771062"
"2024-Q4";"N";"T0";"1040039.97053307"
"2024-Q4";"N";"T1";"434633.3209634"
"2024-Q4";"N";"T2";"185465.44122414"
"2024-Q4";"N";"D";"3703.54190088"
"2024-Q4";"N";"T4";"-406329.05785675"
"2024-Q4";"N";"T7";"822566.7243014"
